date,close-last,volume,open,high,low
02/13/2026,75.97,43506940,72.465,77.0752,71.52
02/12/2026,71.12,57569310,78.87,79,70.43
02/11/2026,77.97,68727550,77.875,79.9,74.25
02/10/2026,85.6,41823770,85.315,88.22,85.21
02/09/2026,86.56,41278080,84.88,88.6,82.83
02/06/2026,82.82,54593880,77.86,84.3,77.12
02/05/2026,72.68,56483080,77.67,79.41,71.87
02/04/2026,80.62,62547860,84.77,85.3,77.62
02/03/2026,87.07,36550000,90.1,90.35,84.93
02/02/2026,89.91,59741800,95.88,95.885,88.67
01/30/2026,99.48,23773100,102.735,104.3,98.37
01/29/2026,101.24,29463830,103.82,103.82,99.2
01/28/2026,103.4,22380160,105.29,107.25,103
01/27/2026,105.24,18339510,107.7,109.049,104.66
01/26/2026,107,11501610,106.26,108.49,104.83
01/23/2026,106.99,17691110,106.9,111.46,106.5
01/22/2026,106.25,14834370,107.48,108.08,105.1
01/21/2026,105.92,20051270,105.725,108.5,104.95
01/20/2026,105.78,23515700,105,108.35,104.4501
01/16/2026,108.74,30258480,111.05,111.25,106.88
01/15/2026,110.35,33323920,119.61,119.8799,110.13
01/14/2026,119.67,17838680,120.29,120.88,116.61
01/13/2026,120.24,20026090,117.4,120.43,116
01/12/2026,117.52,17111700,114.51,119.62,114.455
01/09/2026,115.27,18094810,116.975,118.23,114.882
01/08/2026,115.39,20102350,115.75,117.32,113.87
01/07/2026,116.97,18916840,120.05,120.1,116.5501
01/06/2026,121.7,20349850,124.16,124.35,118.0498
01/05/2026,123.24,26231020,117.92,123.4199,117.55
01/02/2026,115.21,25793460,115.478,116.03,110.41
12/31/2025,113.1,15992240,114.84,115.65,112.85
12/30/2025,115.45,16471550,117.625,118.6363,115.18
12/29/2025,117.43,15386390,116.89,118.95,116.02
12/26/2025,118.13,12959110,120.71,121.03,117.7
12/24/2025,120.44,7980732,119.96,120.67,118.6
12/23/2025,120.24,16953510,120.295,121.15,116.75
12/22/2025,122.37,16976960,123.51,124.55,121.07
12/19/2025,121.35,27580850,119.47,122.96,118.2
12/18/2025,117.16,24274260,121.87,124.25,117.05
12/17/2025,115.8,36269950,120.97,124.7,115.59
12/16/2025,119.4,21011890,116.695,120.7,115.76
12/15/2025,115.26,28421950,120.4,120.66,114.1005
12/12/2025,119.5,31553300,125.34,125.65,117.835
12/11/2025,123.38,44624830,131.775,131.775,122.53
12/10/2025,135.66,18232080,135.26,137.46,133.43
12/09/2025,135.71,18948210,134.5,139.75,133.57
12/08/2025,136.43,22593100,134.1,138.09,132.0017
12/05/2025,131.95,23122970,135.06,135.24,129.96
12/04/2025,137.08,20572090,133.21,137.36,132.77
12/03/2025,133.64,25004530,126.1,134.34,124.4
12/02/2025,125.95,25394760,125.25,129.18,124.51
12/01/2025,123.24,31467270,123.45,125.2899,118.86
11/28/2025,128.49,12783440,128.075,129.95,127.15
11/26/2025,128.2,47127640,121.33,128.9,120.86
11/25/2025,115.57,22078850,112.465,116.81,109.19
11/24/2025,114.97,30736500,109.915,115.72,108.64
11/21/2025,107.3,40155620,107.84,109.99,102.1
11/20/2025,106.21,42907300,121.63,122.63,105.235
11/19/2025,118.16,25278830,114.74,119.2,113.55
11/18/2025,114.3,28581140,113.91,116.9706,112.35
11/17/2025,115.97,40078570,120.495,120.98,112.42
11/14/2025,122.5,32063770,115.15,126.5,114
11/13/2025,121.53,36727270,129.87,130.15,119.47
11/12/2025,132.98,22044560,133.33,133.84,128.3301
11/11/2025,131.93,17218430,133.99,134.6669,130.9
11/10/2025,135.88,30980490,135.45,138.99,131.65
11/07/2025,130.36,44897800,123.766,132.2,120.7
11/06/2025,127.08,50477790,140,140.16,126.15
11/05/2025,142.48,32318450,139.635,144.77,135.51
11/04/2025,136.8,26617670,139.87,144.4,136.63
11/03/2025,147.08,17187620,148.79,149.4124,142.5
10/31/2025,146.78,26028100,143.6,150.47,143.3
10/30/2025,138.07,19706950,142.39,144.15,137.25
10/29/2025,144.8,19792600,146,147.72,142.74
10/28/2025,146.25,13446690,146,148.11,145.63
10/27/2025,145.86,25833300,144.99,149.2,143.18
10/24/2025,139.79,24330360,137.99,142.1999,137.1
10/23/2025,134.33,24591140,128.28,135.57,127.28
10/22/2025,127.22,37786940,131.63,132.36,120.88
10/21/2025,131.84,19498350,135.29,135.31,131.35
10/20/2025,135.8,27605900,133.425,140.198,132.9
10/17/2025,129.91,25237070,128.16,131.205,125.6
10/16/2025,131.44,23359420,135.38,137.4799,130.57
10/15/2025,134.15,22186990,138.095,139.65,133.535
10/14/2025,134.95,31170980,136.72,141.21,133.05
10/13/2025,140.68,28260770,144.62,146.56,136.52
10/10/2025,138.96,41634280,151.505,153.5597,138.94
10/09/2025,152.46,19632970,150.51,153.08,147.3
10/08/2025,150.87,23927610,146.11,151.35,144.55
10/07/2025,145,24867370,146.33,147.12,141.26
10/06/2025,144.26,28116990,153,153.8599,144.1194
10/03/2025,148.67,34531710,146.82,150.21,145.2301
10/02/2025,145.7,34579910,142.78,146.7,140.15
10/01/2025,139.14,34759580,141.26,143.17,137.78
09/30/2025,143.18,50851180,135.67,143.6199,135.57
09/29/2025,136.72,62109860,123.78,136.84,123.78
09/26/2025,121.78,25714760,124.18,125.06,120.46
09/25/2025,122.65,32876010,123.33,125.8,120.62
09/24/2025,126.8,26956420,127.515,130.07,125
09/23/2025,126.2,28923460,125.41,127.78,124.07
09/22/2025,124.89,33482560,123.625,126.64,122.2
09/19/2025,124.78,202388400,121.7,125.18,121
09/18/2025,120.91,35865100,120.08,124.36,119.8591
09/17/2025,118.64,34516600,117.09,119.13,114.89
09/16/2025,117.38,36628510,115.06,118.13,113.79
09/15/2025,114.83,36787490,115.345,116.53,112.4246
09/12/2025,115.03,37245770,117.93,118.57,114.05
09/11/2025,117.75,35760930,117.88,121.69,117.3701
09/10/2025,117.46,46671200,120.83,123.44,116.69
09/09/2025,118.5,51536300,116.53,118.7,113.76
09/08/2025,117.28,102382400,110.63,117.3,110.12
09/05/2025,101.25,62538420,104.98,106.03,95.66
09/04/2025,102.91,30626330,100.75,104.75,100.6
09/03/2025,100.82,24194760,101.59,102.69,99.41
09/02/2025,100.84,40899100,100.34,101.9,97.9
08/29/2025,104.03,22269180,102.84,104.4,101.93
08/28/2025,103.69,26059140,104,105.3999,102.76
08/27/2025,102.92,35942680,108.69,109.27,102.81
08/26/2025,108.8,27361010,106.85,109.3599,105.12
08/25/2025,107.94,29478100,108.49,109.85,105.95
08/22/2025,109.32,39922160,105.53,111.8825,103.8
08/21/2025,106.3,34679020,105.03,108.21,104.35
08/20/2025,105.34,56515330,106.665,107.98,99
08/19/2025,107.5,49635650,116.12,117.46,106.5
08/18/2025,115.02,35579150,113,115.09,109.78
08/15/2025,114.17,32215890,110.73,114.36,108.61
08/14/2025,110.71,34395250,107.88,111.46,106.31
08/13/2025,108.62,54719730,115.65,116.4,107.28
08/12/2025,114.09,31527530,115.04,117.7,113.18
08/11/2025,113.62,36942290,116.22,117.47,113.39
08/08/2025,114.63,41905730,111.5,117,110.9
08/07/2025,111.23,44736010,107.89,112.6344,107.4
08/06/2025,105.65,33023520,104.505,105.9,101.18
08/05/2025,105.46,33460910,105.97,107.3,103.22
08/04/2025,106.37,46466000,101.229,106.79,97.1532
08/01/2025,99.9,76745150,97.8,104.59,93.36
07/31/2025,103.05,58057600,103.865,109.06,101.07
07/30/2025,106.1,39913480,103.85,107.46,103.35
07/29/2025,103.32,30568010,106.61,107.42,103
07/28/2025,106.77,30578430,105.84,107.13,104.66
07/25/2025,104.85,35637840,101.545,106.39,101.05
07/24/2025,101.93,26698130,103,103.0399,100.3201
07/23/2025,102.08,33805210,102.13,102.68,100.5401
07/22/2025,101.85,44667370,103.71,105.93,98.75
07/21/2025,104.34,46430630,109,110.31,104.07
07/18/2025,109.74,74033260,109.75,113.4393,106.95
07/17/2025,105.45,39114430,103.535,106.6396,102.72
07/16/2025,103.25,54717340,100.02,104.62,99.7002
07/15/2025,99.54,45879350,99.01,101.26,97.16
07/14/2025,99.96,47356260,100.87,101.89,98.9
07/11/2025,98.34,60338880,97.5,101.5,97.33
07/10/2025,98.7,50119500,95.9,98.76,93.5412
07/09/2025,94.54,42206370,92.91,94.65,91.741
07/08/2025,91.27,59808310,95.4,98.04,90.7
07/07/2025,93.46,49465990,93.59,95.7,91.25
07/03/2025,94.4,56373800,95.49,95.65,92.11
07/02/2025,97.98,113204200,91.25,100.88,90.9
07/01/2025,92.33,121171500,95.012,99.18,89.7
06/30/2025,93.63,101945000,85.65,94.24,85.5
06/27/2025,83.03,37005920,84.655,84.88,81.92
06/26/2025,84.52,25222480,83.41,84.8,82.53
06/25/2025,82.75,38974920,84.94,85.55,81.9
06/24/2025,82.01,42266590,77.9,82.27,76.83
06/23/2025,76.35,35289860,77.86,79.045,74.3901
06/20/2025,78.5,37245770,78.47,79.38,75.79
06/18/2025,78.35,36185560,75.17,78.74,74.54
06/17/2025,74.95,26677540,76.11,77.05,72.86
06/16/2025,76.75,27114910,73.7,76.88,73.36
06/13/2025,72.6,27789350,72,74.8197,71.69
06/12/2025,73.84,22611070,73.526,75.59,73.23
06/11/2025,74.88,34056740,73.05,75.39,72.32
06/10/2025,72.51,39178550,73.24,74.64,70.75
06/09/2025,73.4,65748800,72.06,73.73,68.56
06/06/2025,74.88,66229110,74.6,77.8,73.1
06/05/2025,72.51,65006250,73.55,76.75,71.2
06/04/2025,72.27,31915050,72.96,73,71.13
06/03/2025,71.72,43343450,69.9,72.72,69.06
06/02/2025,67.98,30252580,66.03,68.2,65.38
05/30/2025,66.15,35691750,63.59,66.49,62.92
05/29/2025,63.95,21419770,66.325,66.535,63.63
05/28/2025,65.14,17994230,66.14,66.61,64.81
05/27/2025,66.02,29735920,64.96,67.13,63.83
05/23/2025,63.17,28585500,62.85,64.46,62.6318
05/22/2025,64.77,27235010,64.89,65.875,63.75
05/21/2025,63.86,40230110,64.06,66.89,63.3201
05/20/2025,64.91,31331840,64.04,65.28,63.35
05/19/2025,64.27,34290780,59.855,64.36,59.6801
05/16/2025,61.76,24538710,60.905,62.14,60.46
05/15/2025,60.68,36789190,60.305,60.83,57.68
05/14/2025,61.39,41568220,62.375,63.78,61.09
05/13/2025,62.57,57297880,58.92,63.415,58.82
05/12/2025,57.43,41385940,59.18,59.33,55.8893
05/09/2025,54.65,44325540,54.94,56.315,53.742
05/08/2025,54.07,49440030,51.729,54.84,51.61
05/07/2025,49.99,38779340,48.85,50.51,48.3201
05/06/2025,48.69,31103090,46.325,48.88,45.8248
05/05/2025,48.05,37137880,47.21,48.34,45.56
05/02/2025,48.59,59187280,46.775,50.07,46.71
05/01/2025,46.62,88530680,51.125,51.3,46.53
04/30/2025,49.11,49380910,46.41,49.9,46.18
04/29/2025,49.37,28708360,49.44,49.8799,48.46
04/28/2025,48.93,35080970,50.52,51.07,47.74
04/25/2025,49.45,34624080,48.9,49.99,48.48
04/24/2025,48.15,42991300,45.09,48.28,44.96
04/23/2025,44.66,48982840,45.3,47.22,44.27
04/22/2025,42.09,39231990,41.03,43.37,40.8115
04/21/2025,39.85,27727650,40.73,41.559,39.21
04/17/2025,41.18,23940030,41.03,41.75,40.12
04/16/2025,40.66,46736540,41.86,43.1396,40.07
04/15/2025,44.08,30788330,44.19,45.56,43.6871
04/14/2025,44.14,45143550,45.01,45.09,42.51
04/11/2025,43.68,51352110,40.735,43.79,40.08
04/10/2025,40.51,64055470,40.3,42.13,37.78
04/09/2025,42.21,88299920,33.71,42.68,33.55
04/08/2025,34.17,63299890,37.135,37.85,33.085
04/07/2025,35.41,81135640,30.6728,37.1078,29.66
04/04/2025,34.51,80694670,35.625,36.25,31.59
04/03/2025,38.26,62216640,37.975,39.8897,37.44
04/02/2025,42.68,44551410,40.69,43.5986,40.55
04/01/2025,42.16,42942710,41.8,43.37,40.61
03/31/2025,41.62,40954760,39.775,41.95,38.8382
03/28/2025,41.92,44330420,42.69,43.07,40.57
03/27/2025,43.99,51945510,44.11,45.59,43.24
03/26/2025,44.73,45124410,47.98,48,43.8
03/25/2025,48.15,43367870,48.75,49.88,47.2
03/24/2025,48.36,50761990,46.4,48.99,46.1
03/21/2025,44.36,43674240,41.95,44.73,41.5
03/20/2025,43.66,49146630,42.2,44.24,41.93
03/19/2025,42.8,56447050,40.775,43.84,40.1763
03/18/2025,40.1,44644590,40.8,41.56,38.8495
03/17/2025,42.02,45895480,39.35,42.92,38.96
03/14/2025,39.24,37821450,37.4,39.46,37.01
03/13/2025,36.02,47786340,38.27,38.68,35.91
03/12/2025,38.92,50844260,38.99,39.671,36.8509
03/11/2025,36.36,69609280,36.195,38.35,35.57
03/10/2025,35.63,89410580,40.925,41.1974,35.23
03/07/2025,44.42,53582220,43.64,45.37,40.95
03/06/2025,44.84,40627630,46.23,48.7899,44.66
03/05/2025,48.12,33830090,46.7,48.29,44.92
03/04/2025,46.22,62405440,45.19,48.27,42.14
03/03/2025,46.89,52710120,54.72,54.8399,46.68
02/28/2025,50.1,46083540,48.185,51.17,47.41
02/27/2025,48.78,48032950,51.76,52.93,48.42
02/26/2025,48.85,43276500,47.31,50.52,46.54
02/25/2025,45.92,59731340,47.51,48.84,44.02
02/24/2025,49.93,40671140,52.24,52.56,47.97
02/21/2025,51.6,33697500,57.87,57.87,51.44
02/20/2025,56.06,36348820,59.09,59.1,54.23
02/19/2025,59.23,26252600,61.09,61.9108,58.65
02/18/2025,60.44,42371180,65.21,65.578,59.901
02/14/2025,65.28,39353320,63.305,66.0799,61.7214
02/13/2025,63.8,77989660,62.09,66.91,61.2
02/12/2025,55.91,48482720,53.17,56.74,52.65
02/11/2025,53.34,24210920,55.9,55.9899,53.28
02/10/2025,56.27,23555920,57.18,57.27,55.55
02/07/2025,55.86,25050330,54.39,55.98,54.11
02/06/2025,53.17,15893950,54.8,54.88,52.16
02/05/2025,54.2,16673360,52.32,54.33,52.21
02/04/2025,52.58,17469550,52,53.31,51.54
02/03/2025,51.9,19031770,48.49,52.32,48.08
01/31/2025,51.95,14361170,53.26,53.49,51.635
01/30/2025,53,16825710,51.96,53.5098,51.0664
01/29/2025,51.15,17767590,48.82,51.71,48.6
01/28/2025,49.4,17600430,47.8977,49.8,47.0107
01/27/2025,47.74,29648690,48.33,50.145,46.66
01/24/2025,51.12,19901090,50.91,52.06,50.6
01/23/2025,50.36,16838700,49.39,50.91,49.26
01/22/2025,50.16,20153170,50.21,51.09,49.72
01/21/2025,50,29947070,49.93,50.64,48.15
01/17/2025,48.15,35226550,47.74,49.27,46.97
01/16/2025,46.08,18649730,45.61,46.85,45.25
01/15/2025,45.56,32265260,43.99,46.22,43.6426
01/14/2025,41.76,32498790,41.8,43.77,41.28
01/13/2025,39.59,13763120,39.01,39.7971,38.42
01/10/2025,40.08,13972850,40.07,40.53,38.78
01/08/2025,40.81,14022230,40.255,40.8299,39.21
01/07/2025,40.56,17649190,42.33,43.1876,39.865
01/06/2025,42.71,22219290,42.11,43.12,41.46
01/03/2025,41.35,19978820,39.78,41.38,39.0243
01/02/2025,39.44,18993320,38.54,39.7,37.35
12/31/2024,37.26,14168070,38.95,39.1,37.03
12/30/2024,38.28,12749640,37.81,38.96,37.4501
12/27/2024,39.02,14388800,40.25,40.44,38.22
12/26/2024,40.38,11906950,39.34,40.465,38.8
12/24/2024,39.58,10144490,38,39.59,37.69
12/23/2024,37.5,16662280,37.92,38.5,37.08
12/20/2024,38.33,29109090,35.11,38.475,34.02
12/19/2024,36.94,25513080,38.48,38.68,36.21
12/18/2024,37.08,33565240,41.44,41.489,36.64
12/17/2024,41.63,27260430,42.31,42.31,40.34
12/16/2024,43.2,36584040,41.02,43.83,40.53
12/13/2024,40.2,19794860,39.41,40.3465,38.96
12/12/2024,39.33,26270380,37.38,40.19,35.62
12/11/2024,37.84,23327710,38.5,38.55,37.7
12/10/2024,37.36,27808780,39.81,40.5,37.19
12/09/2024,39.54,26493410,41.39,42.09,39.24
12/06/2024,41.67,37242730,39.59,41.71,38.94
12/05/2024,38.92,50453550,42.71,42.76,38.79
12/04/2024,40,35447140,39.95,40.57,37.78
12/03/2024,38.64,17947570,37.05,38.705,36.61
12/02/2024,37.62,16070990,37.925,38.79,37.52
11/29/2024,37.54,13399510,38.62,39.145,37.51
11/27/2024,37.65,15118540,37.51,38.29,37.04
11/26/2024,36.42,16612120,37.05,37.91,36.15
11/25/2024,37.85,29944600,39.22,39.74,37.3
11/22/2024,36.65,21650100,34.98,36.835,34.17
11/21/2024,35.09,27042360,37.125,37.125,34.63
11/20/2024,36.08,36004090,37,38.11,35.72
11/19/2024,35.24,27227490,34.56,36.32,34
11/18/2024,35,36964850,33.11,35.615,32.9
11/15/2024,32.32,17537520,32.01,32.355,31.26
11/14/2024,32.22,13023390,32.85,33,31.5916
11/13/2024,31.91,23203630,33.63,34.1,31.8231
11/12/2024,33,26059470,31.74,33.76,31.46
11/11/2024,32.8,43967190,32.94,34.32,32.23
11/08/2024,30.54,22564140,29.35,30.63,29.21
11/07/2024,29.36,24913050,29.06,30.04,28.67
11/06/2024,29.86,49591640,27.73,30.06,26.74
11/05/2024,24.96,12947190,24.535,25.275,24.42
11/04/2024,24.32,15067250,23.75,24.56,23.5401
11/01/2024,23.97,21594090,23.7,24.1178,23
10/31/2024,23.49,45738940,26.02,26.48,23.15
10/30/2024,28.21,26660920,27.915,28.575,27.55
10/29/2024,28.03,13257630,28.25,28.36,27.6001
10/28/2024,27.88,14670890,27.935,28.23,27.51
10/25/2024,27.06,8752240,27.51,27.75,26.92
10/24/2024,27.22,7687320,26.95,27.33,26.69
10/23/2024,26.7,10203220,27.11,27.3856,26.28
10/22/2024,27.41,11978850,26.9,27.6,26.82
10/21/2024,26.97,10284170,26.78,27.105,26.18
10/18/2024,26.83,10721240,26.55,27.04,26.42
10/17/2024,26.32,11588290,27.08,27.08,26.086
10/16/2024,26.93,12381960,27.04,27.172,26.565
10/15/2024,26.8,16466540,27.135,27.33,25.905
10/14/2024,27,17233030,26.9,27.14,26.16
10/11/2024,26.27,16868920,25.75,26.65,25.69
10/10/2024,25.5,12990170,25.5,25.87,24.705
10/09/2024,25.65,22201810,25.49,25.69,24.17
10/08/2024,25.61,39241470,23.47,25.8,23.44
10/07/2024,23.32,10007880,22.75,23.425,22.72
10/04/2024,22.89,9729249,23,23.39,22.61
10/03/2024,22.43,7145969,22.464,22.7092,22.05
10/02/2024,22.63,12009730,22.42,23.18,22.33
10/01/2024,22.33,11467430,23.4,23.46,22.28
09/30/2024,23.42,10117410,23.97,24.13,23.08
09/27/2024,23.89,18021320,22.55,23.98,22.4112
09/26/2024,22.43,9350659,22.78,22.88,22.19
09/25/2024,22.39,4989415,22.58,22.82,22.335
09/24/2024,22.77,7446081,22.68,22.85,22.2523
09/23/2024,22.7,11694160,22.782,23.325,22.6234
09/20/2024,22.73,22849810,22.81,22.955,22.31
09/19/2024,22.81,14118880,23.936,24.06,22.74
09/18/2024,22.95,13807210,22.7,23.495,22.34
09/17/2024,22.64,8636576,22.545,22.93,22.4
09/16/2024,22.21,8155644,21.704,22.535,21.5
09/13/2024,22.07,11931610,21.695,22.43,21.61
09/12/2024,21.64,13536080,20.83,21.735,20.67
09/11/2024,20.64,12396200,19.58,20.795,19.54
09/10/2024,19.7,10336500,19.6,19.739,18.825
09/09/2024,19.66,10350580,19.21,19.83,19.04
09/06/2024,18.94,12834240,19.74,20.2399,18.71
09/05/2024,19.67,11493530,19,19.68,18.84
09/04/2024,19.11,9923300,19.01,19.61,18.8108
09/03/2024,19.37,11353450,19.755,19.965,19.21
08/30/2024,20.12,11026190,20.38,20.4,19.835
08/29/2024,20.17,7621530,20.4,20.655,20.09
08/28/2024,20.32,10959700,21.15,21.1993,20
08/27/2024,21.36,8052553,20.8,21.54,20.59
08/26/2024,20.96,10676330,21.12,21.16,20.79
08/23/2024,21.12,13294480,20.062,21.21,20
08/22/2024,19.89,7417947,20.14,20.37,19.85
08/21/2024,20.18,9837147,19.73,20.205,19.52
08/20/2024,19.83,10363690,20.36,20.43,19.69
08/19/2024,20.28,11372150,19.935,20.31,19.81
08/16/2024,19.98,14101690,19.51,20.04,19.4
08/15/2024,19.55,23025910,19.32,20.07,19.135
08/14/2024,18.65,13613550,18.73,19.06,18.57
08/13/2024,18.41,12906960,18.78,18.84,18.36
08/12/2024,18.54,18899090,18.36,18.79,18.1062
08/09/2024,17.92,17345930,17.8,18.2799,17.55
08/08/2024,17.73,48790450,17.665,18.1,16.68
08/07/2024,17.12,32590340,17.6,17.64,16.86
08/06/2024,17.21,22515080,17.03,17.52,16.25
08/05/2024,16.42,44991070,14.7,16.725,13.98
08/02/2024,17.88,30564470,19.2,19.29,17.69
08/01/2024,20.24,13110740,20.89,21.3,19.83
07/31/2024,20.57,9201949,20.84,21.2076,20.53
07/30/2024,20.4,11020800,21.3,21.35,20.29
07/29/2024,21.18,8115146,21.56,21.84,20.95
07/26/2024,21.2,8362497,21.59,21.985,21.125
07/25/2024,21.18,9131006,21.16,21.785,20.63
07/24/2024,21.41,13153080,22.66,22.9062,21.36
07/23/2024,22.87,10292570,23.23,23.4,22.82
07/22/2024,23.42,16691410,23.24,24.02,23.095
07/19/2024,23.41,9348426,22.94,23.87,22.8
07/18/2024,22.83,14304700,24.22,24.45,22.66
07/17/2024,24.18,14124910,24.13,24.88,23.57
07/16/2024,24.63,23046680,24.06,24.81,23.35
07/15/2024,23.94,20401730,23,24.01,22.76
07/12/2024,22.28,10380670,22,22.4451,21.75
07/11/2024,22.04,13151520,22.65,22.98,21.98
07/10/2024,22.32,12625290,22.71,22.87,22.08
07/09/2024,22.6,12196790,22.25,23.27,22.15
07/08/2024,22.09,10579860,22.72,22.88,21.91
07/05/2024,22.68,9400851,22.08,22.74,21.72
07/03/2024,22.89,7631195,22.45,23.129,22.45
07/02/2024,22.46,9492247,22.635,22.8,22.07
07/01/2024,22.79,11188160,22.82,23.13,22.43
06/28/2024,22.71,11668060,22.64,23.085,22.34
06/27/2024,22.59,7318577,22.44,22.7911,22.27
06/26/2024,22.31,19146070,22.68,23.3299,22.22
06/25/2024,22.14,12242450,21.48,22.285,21.22
06/24/2024,21.37,19032640,21.85,22.3299,20.88
06/21/2024,22.29,21034120,21.52,22.33,21.25
06/20/2024,21.73,13386630,22,22.07,21.1801
06/18/2024,21.86,10181100,21.97,22.22,21.8
06/17/2024,22.25,13998330,22.32,22.72,21.7
06/14/2024,22.42,13059620,23.1,23.57,22.36
06/13/2024,23.31,13045760,23.69,23.74,22.92
06/12/2024,23.7,21351370,24,24.28,23.5301
06/11/2024,23.22,14472820,22.832,23.305,22.13
06/10/2024,23.42,17959470,22.1,23.525,22.06
06/07/2024,22.18,24723110,22.52,23.69,22.145
06/06/2024,22.97,40881180,22.25,23.25,21.744
06/05/2024,21.57,14410380,21,21.59,20.39
06/04/2024,20.78,17412350,21.04,21.625,20.66
06/03/2024,21.28,26098130,21.9,22.4,20.73
05/31/2024,20.9,31219330,21.91,22.34,20.165
05/30/2024,21.84,36228880,21.3,22.26,20.91
05/29/2024,21.085,23053060,20.75,21.14,20.27
05/28/2024,20.47,18147580,20.618,20.99,20.05
05/24/2024,20.51,20914820,19.3,20.565,19.0666
05/23/2024,19.24,17758090,19.92,19.94,19.115
05/22/2024,19.66,20978610,20.9,21.03,19.59
05/21/2024,20.96,20960680,21.04,21.21,20.41
05/20/2024,20.84,25792940,19.94,20.89,19.53
05/17/2024,20.09,53207440,18.96,20.34,18.45
05/16/2024,17.9,22141590,18.41,19.24,17.86
05/15/2024,18.52,19468520,18.35,18.5799,17.57
05/14/2024,18.02,33654520,17.77,18.67,17.65
05/13/2024,16.89,24385630,16.62,17.61,16.57
05/10/2024,16.23,24466190,17.42,17.69,16.22
05/09/2024,17.3,51207410,19.042,19.47,17.04
05/08/2024,17.85,23043850,17.6,17.9378,17.37
05/07/2024,17.99,12486160,17.75,18.26,17.67
05/06/2024,17.78,18716930,17.63,18.46,17.48
05/03/2024,17.95,9478765,17.88,18.135,17.63
05/02/2024,17.61,7544744,16.93,17.63,16.76
05/01/2024,16.65,8903479,16.43,17.35,16.31
04/30/2024,16.49,8986252,17.14,17.3,16.47
04/29/2024,17.34,8431531,17.71,18.29,17.3
04/26/2024,17.88,8203870,17.12,17.9,16.92
04/25/2024,17.12,7145629,16.89,17.26,16.57
04/24/2024,17.31,7318081,17.67,17.89,17.08
04/23/2024,17.62,6961280,17.13,17.82,17.05
04/22/2024,17.19,7426209,16.94,17.345,16.67
04/19/2024,16.63,9555156,16.89,17.23,16.5001
04/18/2024,17.08,7952306,17.187,17.595,16.89
04/17/2024,17.08,10395440,17.38,17.45,16.46
04/16/2024,17.31,9347686,17.13,17.58,16.84
04/15/2024,17.19,14132350,18.08,18.26,16.975
04/12/2024,17.97,9613234,18.85,18.89,17.83
04/11/2024,19,14077490,17.7,19.0489,17.7
04/10/2024,18.34,7749112,17.68,18.44,17.59
04/09/2024,18.3,7937748,18.66,18.75,18.0001
04/08/2024,18.56,9365572,18.88,19.1,18.44
04/05/2024,18.4,11636490,18.23,18.825,17.87
04/04/2024,18.45,15445780,19.25,19.29,18.3
04/03/2024,19.21,8633775,18.92,19.54,18.86
04/02/2024,19.2,15975530,18.37,19.33,18.03
04/01/2024,19.41,15674500,19.98,20.15,19.37
03/28/2024,20.13,16728190,20.01,20.54,19.88
03/27/2024,20.01,31268270,20.53,20.55,19.62
03/26/2024,19.28,12760300,19.32,19.6099,19.162
03/25/2024,19.08,15708460,18.4,19.1,18.37
03/22/2024,18.3,11310950,18.64,18.946,18.24
03/21/2024,19.09,16075880,18.66,19.415,18.4
03/20/2024,18.56,14773230,17.24,18.57,17.12
03/19/2024,17.24,14724370,17.72,17.83,16.6952
03/18/2024,18.21,13180590,18.1,18.41,17.83
03/15/2024,18.15,17775520,17.82,18.36,17.5
03/14/2024,18.05,48665200,19.12,19.23,17.745
03/13/2024,17.16,15815140,16.31,17.36,16.23
03/12/2024,16.39,13396520,16.88,16.9,16.19
03/11/2024,16.86,14946980,16.99,17.48,16.76
03/08/2024,17,20002780,16.58,17.62,16.57
03/07/2024,16.36,9918334,16.62,16.62,16.13
03/06/2024,16.4,13102400,16.1,16.59,15.77
03/05/2024,15.93,17683600,16.3,16.33,15.66
03/04/2024,16.63,17405210,17.07,17.22,16.54
03/01/2024,16.58,13176230,16.3,16.6,16.125
02/29/2024,16.31,21226260,16.17,16.51,15.66
02/28/2024,16.13,25143380,16.06,16.53,15.9
02/27/2024,16.25,24830290,15.89,16.29,15.55
02/26/2024,15.59,28000790,14.71,15.61,14.68
02/23/2024,14.48,15963210,14.04,14.5,14.01
02/22/2024,13.97,10961930,13.71,14.09,13.5949
02/21/2024,13.59,14327970,13.762,13.89,13.39
02/20/2024,14.09,16920690,14,14.235,13.68
02/16/2024,14,34950700,13.38,14.355,13.32
02/15/2024,13.42,24372870,13.4,13.545,13.04
02/14/2024,13.38,76339020,13.648,13.9,12.765
02/13/2024,11.84,36725350,11.61,11.935,11.43
02/12/2024,12.01,22042260,11.73,12.13,11.65
02/09/2024,11.55,11956970,11.4,11.6,11.25
02/08/2024,11.22,7844615,11.05,11.34,11
02/07/2024,11,7559238,10.84,11.08,10.64
02/06/2024,10.78,5098174,10.57,10.8,10.535
02/05/2024,10.56,7633170,10.82,10.88,10.51
02/02/2024,10.92,7401547,10.75,11.0199,10.65
02/01/2024,10.91,5807525,10.79,10.945,10.61
01/31/2024,10.74,7341414,10.94,11.17,10.7
01/30/2024,11.01,7035533,11.23,11.285,10.95
01/29/2024,11.31,10870970,10.83,11.33,10.76
01/26/2024,10.79,4742060,10.76,11.01,10.71
01/25/2024,10.7,5299880,10.85,10.8984,10.62
01/24/2024,10.81,6848013,11.1,11.225,10.73
01/23/2024,10.95,6929541,11.16,11.3,10.8725
01/22/2024,10.99,9453992,10.81,11.17,10.81
01/19/2024,10.71,7977245,10.68,10.75,10.38
01/18/2024,10.67,8032206,10.76,10.825,10.53
01/17/2024,10.65,8611617,10.71,10.74,10.52
01/16/2024,10.93,9399032,10.92,11.0256,10.62
01/12/2024,11.02,16539280,11.5,11.56,10.99
01/11/2024,11.71,13483010,12.53,12.58,11.63
01/10/2024,12.14,8569219,12.18,12.345,11.78
01/09/2024,12.2,7344250,12.25,12.355,12.135
01/08/2024,12.42,17238700,11.97,12.58,11.96
01/05/2024,11.89,8188748,11.82,12.16,11.77
01/04/2024,11.98,9611865,11.65,12.17,11.63
01/03/2024,11.79,13694090,11.68,11.97,11.55
01/02/2024,12.37,11659230,12.74,12.75,12.28
12/29/2023,12.74,14596970,13.16,13.17,12.52
12/28/2023,13.18,8604376,13.11,13.28,13.06
12/27/2023,13.26,16095210,13.03,13.51,12.91
12/26/2023,12.94,8151115,13,13.14,12.86
12/22/2023,12.95,10553760,13.01,13.15,12.795
12/21/2023,12.89,14515380,12.81,13.06,12.51
12/20/2023,12.62,32610100,13.32,13.45,12.59
12/19/2023,13.17,31841830,12.06,13.19,12.04
12/18/2023,11.93,14412990,11.55,11.98,11.44
12/15/2023,11.69,16810220,12.01,12.02,11.52
12/14/2023,12.09,22749750,12.35,12.39,11.79
12/13/2023,11.99,24506070,11.63,12.02,11.12
12/12/2023,11.63,13394280,11.77,11.9,11.54
12/11/2023,11.71,18603200,11.55,11.79,11.325
12/08/2023,11.73,23220060,11.23,11.74,11.02
12/07/2023,11.48,26167900,11.07,11.7,10.81
12/06/2023,11.27,51461770,10.88,11.6499,10.73
12/05/2023,10.53,38892500,9.79,10.6385,9.66
12/04/2023,9.55,18297550,9.46,9.735,9.33
12/01/2023,9.32,16328950,8.82,9.39,8.82
11/30/2023,8.8,15221740,9.19,9.2,8.69
11/29/2023,8.92,13982630,8.84,9.18,8.77
11/28/2023,8.64,10075560,8.38,8.65,8.345
11/27/2023,8.39,7071339,8.27,8.46,8.21
11/24/2023,8.29,3612982,8.2,8.3,8.13
11/22/2023,8.22,8533534,8.03,8.255,7.98
11/21/2023,7.98,7764086,8.06,8.13,7.96
11/20/2023,8.13,13192950,8.1,8.27,7.985
11/17/2023,8.1,9163441,7.98,8.135,7.925
11/16/2023,7.94,13541310,8.28,8.29,7.91
11/15/2023,8.33,11201180,8.57,8.61,8.31
11/14/2023,8.5,10708710,8.55,8.71,8.45
11/13/2023,8.31,7994869,8.16,8.41,8.1298
11/10/2023,8.23,11019660,8,8.3,7.99
11/09/2023,7.93,15764150,8.54,8.62,7.92
11/08/2023,8.365,27080230,8.785,8.9,8.28
11/07/2023,9.76,13420540,9.61,9.85,9.59
11/06/2023,9.59,4896551,9.78,9.82,9.52
11/03/2023,9.69,8838344,9.66,9.79,9.56
11/02/2023,9.48,7793474,9.19,9.505,9.19
11/01/2023,9.08,4145989,9.17,9.23,8.92
10/31/2023,9.14,3753170,9.12,9.16,9.045
10/30/2023,9.08,3913959,9,9.14,8.905
10/27/2023,8.9,4421163,9.2,9.2,8.89
10/26/2023,9.1,4447784,9.07,9.23,8.94
10/25/2023,9.03,5804808,9.21,9.29,9.01
10/24/2023,9.32,5658232,9.34,9.595,9.2498
10/23/2023,9.17,5031483,9.05,9.39,8.9731
10/20/2023,9.13,5349274,8.95,9.23,8.89
10/19/2023,8.97,5382537,9.24,9.24,8.96
10/18/2023,9.21,5151217,9.5,9.56,9.15
10/17/2023,9.6,6263910,9.22,9.64,9.22
10/16/2023,9.32,3913882,9.16,9.385,9.14
10/13/2023,9.14,5588925,9.3,9.365,9.12
10/12/2023,9.29,7034192,9.74,9.77,9.28
10/11/2023,9.72,6391355,10.05,10.18,9.68
10/10/2023,10.04,4895841,9.86,10.19,9.86
10/09/2023,9.87,3637355,9.8,9.96,9.715
10/06/2023,9.93,5126323,9.62,9.99,9.62
10/05/2023,9.73,4888517,9.57,9.82,9.49
10/04/2023,9.68,4485560,9.5,9.69,9.43
10/03/2023,9.53,4405543,9.62,9.78,9.49
10/02/2023,9.73,5825411,9.77,9.9,9.59
09/29/2023,9.81,4609796,9.84,10.01,9.69
09/28/2023,9.68,3848864,9.6,9.84,9.48
09/27/2023,9.57,4445714,9.64,9.77,9.44
09/26/2023,9.53,5751388,9.61,9.77,9.49
09/25/2023,9.68,3894790,9.57,9.77,9.55
09/22/2023,9.7,5372136,9.91,9.97,9.64
09/21/2023,9.83,7254032,10.01,10.02,9.82
09/20/2023,10.22,4892010,10.45,10.65,10.21
09/19/2023,10.47,4591808,10.58,10.6,10.36
09/18/2023,10.6,5412100,10.65,10.79,10.58
09/15/2023,10.67,8992215,10.47,10.695,10.43
09/14/2023,10.57,6470819,10.65,10.66,10.42
09/13/2023,10.62,4808526,10.76,10.8107,10.59
09/12/2023,10.8,5042763,10.81,11.01,10.79
09/11/2023,10.84,5331806,10.82,10.9,10.71
09/08/2023,10.74,4880789,10.69,10.8,10.515
09/07/2023,10.74,4420290,10.61,10.77,10.523
09/06/2023,10.79,5866782,10.77,10.935,10.7
09/05/2023,10.82,9895076,11,11.02,10.66
09/01/2023,11.11,9246343,11.18,11.37,11.06
08/31/2023,10.89,28595700,11.1,11.165,10.765
08/30/2023,11.06,7217966,10.9,11.15,10.9
08/29/2023,11.02,9553660,10.475,11.08,10.45
08/28/2023,10.55,4881541,10.62,10.72,10.5
08/25/2023,10.54,4784373,10.38,10.6,10.33
08/24/2023,10.37,4885104,10.52,10.52,10.27
08/23/2023,10.5,6019393,10.39,10.6,10.335
08/22/2023,10.38,6452116,10.5,10.605,10.32
08/21/2023,10.39,6461214,10.285,10.445,10.13
08/18/2023,10.25,8363501,9.86,10.3,9.84
08/17/2023,10.07,7550140,10.24,10.32,10.05
08/16/2023,10.19,4759005,10.33,10.42,10.16
08/15/2023,10.41,4962335,10.55,10.605,10.395
08/14/2023,10.65,5419157,10.66,10.68,10.51
08/11/2023,10.72,6713569,10.605,10.79,10.58
08/10/2023,10.73,6645948,10.93,11.1,10.66
08/09/2023,10.8,10370540,11.04,11.1,10.75
08/08/2023,11.1,8251270,11.09,11.16,10.93
08/07/2023,11.34,9660159,11.31,11.5,11.07
08/04/2023,11.28,11685000,11.68,11.76,11.22
08/03/2023,11.54,22053160,11.38,11.8,10.89
08/02/2023,12.44,14714860,12.54,12.56,12.18
08/01/2023,12.87,9869704,12.68,12.89,12.53
07/31/2023,12.86,10249180,12.8,13.015,12.715
07/28/2023,12.73,9038996,12.45,12.74,12.37
07/27/2023,12.23,10579480,12.88,12.94,12.09
07/26/2023,12.74,12181140,12.46,12.8,12.4
07/25/2023,12.54,5928576,12.74,12.89,12.52
07/24/2023,12.74,7934035,12.68,12.93,12.64
07/21/2023,12.76,8728545,12.91,12.95,12.65
07/20/2023,12.81,10455910,12.95,13.08,12.57
07/19/2023,13.12,16594230,12.68,13.23,12.6665
07/18/2023,12.59,12920090,12.51,12.76,12.39
07/17/2023,12.49,15187670,12.34,12.85,12.22
07/14/2023,12.38,14574640,12.5,12.505,12.06
07/13/2023,12.45,18580430,11.98,12.61,11.84
07/12/2023,11.94,15229590,12.04,12.115,11.69
07/11/2023,11.83,23071350,11.47,12.02,11.325
07/10/2023,11.21,14643430,10.88,11.27,10.54
07/07/2023,10.79,12637720,10.4,10.91,10.4
07/06/2023,10.41,10432990,10.57,10.64,10.195
07/05/2023,10.72,12285660,10.72,10.76,10.39
07/03/2023,10.66,12439310,10,10.8,9.98
06/30/2023,9.98,8507290,10.125,10.14,9.86
06/29/2023,9.97,11985820,9.99,10.15,9.71
06/28/2023,10.18,13019540,10.01,10.52,9.98
06/27/2023,9.94,11603780,9.6,10.02,9.56
06/26/2023,9.63,5827200,9.47,9.74,9.38
06/23/2023,9.49,12427230,9.36,9.58,9.3
06/22/2023,9.45,14820900,9.69,9.71,9.1
06/21/2023,9.76,5614564,9.96,10.06,9.75
06/20/2023,10,7452896,9.95,10.05,9.64
06/16/2023,10.03,14175450,10.07,10.22,9.945
06/15/2023,9.98,10373900,9.82,10.14,9.8
06/14/2023,9.95,8686713,9.65,9.98,9.5803
06/13/2023,9.6,10102740,9.47,9.69,9.36
06/12/2023,9.36,6533923,9.36,9.41,9.23
06/09/2023,9.41,4525763,9.61,9.7993,9.4
06/08/2023,9.5,5689767,9.36,9.54,9.17
06/07/2023,9.4,8088914,9.2,9.58,9.16
06/06/2023,9.12,10484390,8.73,9.12,8.6
06/05/2023,9.03,6164327,9.29,9.325,8.98
06/02/2023,9.34,9531196,9.12,9.35,8.9218
06/01/2023,9.02,4888049,8.92,9.12,8.785
05/31/2023,8.92,5338238,8.82,9.0299,8.74
05/30/2023,8.92,7134857,9,9.18,8.91
05/26/2023,8.82,4551730,8.6,8.88,8.6
05/25/2023,8.6,5062614,8.66,8.74,8.58
05/24/2023,8.6,2911643,8.55,8.66,8.46
05/23/2023,8.68,4313195,8.7,8.865,8.59
05/22/2023,8.76,6963236,8.47,8.785,8.45
05/19/2023,8.47,4813013,8.58,8.67,8.43
05/18/2023,8.62,5201886,8.425,8.67,8.39
05/17/2023,8.46,9628962,8.38,8.655,8.34
05/16/2023,8.35,9509032,8.53,8.59,8.31
05/15/2023,8.65,10032870,8.72,8.745,8.51
05/12/2023,8.74,15479100,9.62,9.64,8.71
05/11/2023,9.65,23998440,9.55,9.96,9.18
05/10/2023,9.07,11103990,9.31,9.38,8.79
05/09/2023,9.11,7773504,8.87,9.17,8.84
05/08/2023,8.91,4851807,8.82,8.95,8.76
05/05/2023,8.85,5325243,8.62,8.86,8.6
05/04/2023,8.48,6071719,8.36,8.6,8.21
05/03/2023,8.38,6099973,8.41,8.5913,8.33
05/02/2023,8.46,7051046,8.75,8.79,8.41
05/01/2023,8.82,6564045,8.8,8.85,8.645
04/28/2023,8.85,4550133,8.77,8.94,8.72
04/27/2023,8.82,8924682,8.9,8.94,8.72
04/26/2023,8.82,7099173,9.15,9.25,8.8
04/25/2023,9.09,4345307,9.3,9.37,9.05
04/24/2023,9.4,3980023,9.63,9.69,9.3837
04/21/2023,9.64,4759774,9.69,9.76,9.55
04/20/2023,9.73,3626656,9.7,9.835,9.62
04/19/2023,9.82,3042264,9.67,9.86,9.62
04/18/2023,9.84,3515879,9.97,10.02,9.75
04/17/2023,9.88,7762073,9.85,9.91,9.58
04/14/2023,10,8618503,10.04,10.105,9.915
04/13/2023,10.07,5893610,10.09,10.14,9.9
04/12/2023,10.01,5637420,10.12,10.2,9.66
04/11/2023,9.96,6217222,10,10.02,9.825
04/10/2023,9.98,5884941,9.93,10,9.645
04/06/2023,10.01,6895036,9.72,10.08,9.71
04/05/2023,9.75,9488757,9.7,9.78,9.52
04/04/2023,9.76,6472652,9.8,9.8,9.605
04/03/2023,9.76,8771609,9.65,9.82,9.53
03/31/2023,9.71,7841557,9.5,9.73,9.48
03/30/2023,9.46,11434230,9.22,9.48,9.2
03/29/2023,9.1,8636694,8.83,9.22,8.7404
03/28/2023,8.67,3027492,8.6,8.71,8.54
03/27/2023,8.61,4069819,8.76,8.84,8.52
03/24/2023,8.68,5012974,8.5,8.735,8.375
03/23/2023,8.57,9078133,8.89,9.06,8.54
03/22/2023,8.93,4657163,9.32,9.4,8.92
03/21/2023,9.34,6674508,8.93,9.38,8.88
03/20/2023,8.8,6042040,9.16,9.19,8.8
03/17/2023,9.19,6001220,9.29,9.37,9.0437
03/16/2023,9.31,4246829,9.1,9.37,8.98
03/15/2023,9.2,5927906,8.81,9.22,8.76
03/14/2023,9.11,7339626,9.33,9.475,9
03/13/2023,8.99,8538136,8.85,9.27,8.71
03/10/2023,9.01,12786970,9.32,9.37,8.51
03/09/2023,9.44,7287528,9.58,9.832,9.35
03/08/2023,9.65,3962497,9.42,9.72,9.34
03/07/2023,9.42,6980367,9.71,9.78,9.4
03/06/2023,9.72,4740506,9.945,10.04,9.675
03/03/2023,9.9,4934989,9.61,9.95,9.5793
03/02/2023,9.62,8129153,9.48,9.74,9.21
03/01/2023,9.73,4785393,10.01,10.1103,9.7
02/28/2023,10.07,6183898,9.73,10.16,9.72
02/27/2023,9.72,4516777,9.72,9.875,9.6097
02/24/2023,9.59,6090404,9.81,9.92,9.47
02/23/2023,10.09,4670674,10.065,10.1,9.715
02/22/2023,9.95,5135780,9.89,10.095,9.79
02/21/2023,9.9,5568913,10.13,10.29,9.83
02/17/2023,10.35,9328886,10.2,10.37,9.81
02/16/2023,10.34,8078142,10.432,10.92,10.33
02/15/2023,10.63,7763673,10.06,10.63,10.02
02/14/2023,10.06,5431509,9.89,10.26,9.81
02/13/2023,9.92,5829663,9.98,10.08,9.81
02/10/2023,9.98,8612299,9.92,10.325,9.84
02/09/2023,10.08,16889520,11.066,11.16,9.9
02/08/2023,10.47,13081260,10.6,10.795,10.39
02/07/2023,10.55,7756744,10.6,10.74,10.22
02/06/2023,10.6,6529778,10.63,10.73,10.42
02/03/2023,10.74,11173860,10.765,11.235,10.55
02/02/2023,11.14,15067780,11.12,11.52,10.97
02/01/2023,10.78,10457710,10.26,10.88,10.16
01/31/2023,10.41,7155356,10.24,10.42,10.15
01/30/2023,10.15,6890667,10.3,10.65,10.01
01/27/2023,10.39,12460910,9.61,10.545,9.59
01/26/2023,9.64,5726950,9.94,10,9.55
01/25/2023,9.69,5877772,9.55,9.7801,9.325
01/24/2023,9.71,5210978,9.6,9.84,9.56
01/23/2023,9.71,5774715,9.58,9.78,9.43
01/20/2023,9.52,6450920,9.16,9.57,9.06
01/19/2023,9.05,3549713,9.18,9.3,9.04
01/18/2023,9.31,7824450,9.66,9.7,9.17
01/17/2023,9.52,7924347,9.36,9.675,9.29
01/13/2023,9.32,10717580,8.93,9.44,8.9
01/12/2023,9.04,7845606,8.81,9.05,8.49
01/11/2023,8.76,4901476,8.76,8.84,8.63
01/10/2023,8.72,6335325,8.49,8.735,8.37
01/09/2023,8.55,7311232,8.44,8.69,8.39
01/06/2023,8.25,5880104,8.14,8.32,7.9279
01/05/2023,8.11,4469130,8.16,8.23,7.95
01/04/2023,8.36,9287906,8.17,8.37,8.05
01/03/2023,8.08,5282396,8.26,8.38,7.915
12/30/2022,8.14,9435821,7.85,8.17,7.76
12/29/2022,8.05,7422597,7.77,8.15,7.735
12/28/2022,7.7,6281967,7.67,7.81,7.565
12/27/2022,7.7,5352966,7.85,7.93,7.68
12/23/2022,7.95,5243930,7.99,8,7.76
12/22/2022,7.99,7869711,8.05,8.11,7.69
12/21/2022,8.17,4776648,8.17,8.235,7.97
12/20/2022,8.1,6312410,8.13,8.43,8.02
12/19/2022,8.2,8209672,8.56,8.56,8.03
12/16/2022,8.61,12381280,8.57,8.72,8.365
12/15/2022,8.67,9036284,8.825,9,8.61
12/14/2022,9.09,11071030,9.27,9.44,8.94
12/13/2022,9.35,10907230,10.1,10.24,9.24
12/12/2022,9.58,6070387,9.4,9.64,9.31
12/09/2022,9.31,5323417,9.49,9.49,9.2746
12/08/2022,9.52,6337301,9.43,9.56,9.155
12/07/2022,9.26,5071047,9.27,9.42,9.165
12/06/2022,9.39,7658206,9.67,9.7601,9.21
12/05/2022,9.67,4483406,10,10.17,9.65
12/02/2022,9.99,8184424,9.68,10.05,9.575
12/01/2022,9.87,8576058,9.6,10.08,9.55
11/30/2022,9.59,7533446,9.29,9.63,9.05
11/29/2022,9.18,7360015,9.28,9.429,9.03
11/28/2022,9.19,5920974,9.3,9.54,9.07
11/25/2022,9.39,1823816,9.33,9.43,9.24
11/23/2022,9.46,7444660,9.01,9.5,9.01
11/22/2022,9.09,7808513,8.8,9.19,8.65
11/21/2022,8.85,11079190,9.03,9.03,8.73
11/18/2022,9.19,8570737,9.55,9.6,9.1
11/17/2022,9.47,10392630,9.13,9.5706,9.03
11/16/2022,9.32,13759630,9.84,10.0212,9.27
11/15/2022,10.15,16877170,9.91,10.4,9.721
11/14/2022,9.56,17382940,10,10.28,9.54
11/11/2022,10.47,31084370,8.85,10.54,8.575
11/10/2022,9.27,26896910,9.21,9.41,8.735
11/09/2022,8.4,37581000,9.575,9.635,8.29
11/08/2022,9.74,42935000,11.7238,11.7238,9.6
11/07/2022,12.03,12563830,12.4,12.54,11.87
11/04/2022,12.28,10887040,12.47,12.59,11.82
11/03/2022,12.33,22831720,11.85,12.76,11.5
11/02/2022,11.4,14620360,11.88,12.015,11.32
11/01/2022,11.92,8745142,12.02,12.16,11.625
10/31/2022,11.68,12545250,11.45,12.36,11.355
10/28/2022,11.5,9593253,11.1,11.57,11.02
10/27/2022,11.16,6803058,11.12,11.49,11.02
10/26/2022,11.08,8246803,10.8,11.5,10.75
10/25/2022,10.83,7570118,10.22,10.91,10.22
10/24/2022,10.21,5482049,10.15,10.24,9.7
10/21/2022,10.14,8035214,9.77,10.15,9.54
10/20/2022,9.83,7947942,10.08,10.48,9.82
10/19/2022,10.11,5774051,10.3,10.4,9.905
10/18/2022,10.44,6890375,10.63,10.79,10.31
10/17/2022,10.21,7054061,10.33,10.58,10.11
10/14/2022,9.89,5715752,10.8,11.02,9.885
10/13/2022,10.63,8549732,10.175,10.94,9.95
10/12/2022,10.66,5629992,10.44,10.675,10.13
10/11/2022,10.44,6979403,10.44,10.64,9.845
10/10/2022,10.52,4699864,10.818,10.84,10.395
10/07/2022,10.8,6673666,10.91,11.17,10.65
10/06/2022,11.17,7227794,10.76,11.18,10.7
10/05/2022,10.76,5980688,10.65,10.97,10.515
10/04/2022,10.82,10021900,10.4,10.96,10.39
10/03/2022,10.1,8883110,10.02,10.19,9.71
09/30/2022,10.1,7938444,9.74,10.4787,9.67
09/29/2022,9.77,5566412,9.8,9.9,9.56
09/28/2022,10.01,9015841,9.545,10.15,9.54
09/27/2022,9.61,8530033,9.455,9.79,9.37
09/26/2022,9.24,7810508,9.42,9.74,9.24
09/23/2022,9.44,10079630,9.485,9.58,9.165
09/22/2022,9.65,28957580,10.62,11.1,9.6
09/21/2022,9.92,8110947,10.01,10.52,9.85
09/20/2022,9.94,5799744,10.16,10.26,9.9
09/19/2022,10.26,10074700,9.98,10.295,9.76
09/16/2022,10.25,46281790,10.91,11.03,10.2
09/15/2022,11.25,18488630,10.65,11.625,10.65
09/14/2022,10.78,17007420,10.41,10.905,10.275
09/13/2022,10.41,15029380,10.52,10.915,10.32
09/12/2022,11.01,14394720,10.76,11.28,10.56
09/09/2022,10.6,15669120,10.41,10.93,10.29
09/08/2022,10.1,11116370,9.62,10.11,9.53
09/07/2022,9.85,9342625,9.62,9.92,9.45
09/06/2022,9.57,13242170,9.53,9.74,9.35
09/02/2022,9.45,7305020,9.82,9.85,9.27
09/01/2022,9.63,8310973,9.4,9.63,8.99
08/31/2022,9.55,7247367,9.51,9.685,9.41
08/30/2022,9.47,5410746,9.5,9.64,9.29
08/29/2022,9.38,5129067,9.26,9.59,9.2176
08/26/2022,9.38,7071945,9.87,9.97,9.21
08/25/2022,9.81,6123473,9.43,9.83,9.34
08/24/2022,9.32,5350261,9.2,9.49,9.1575
08/23/2022,9.18,6071578,9.04,9.335,8.935
08/22/2022,9.04,8228130,8.97,9.265,8.89
08/19/2022,9.26,13783770,9.85,9.88,9.19
08/18/2022,10.17,9525442,10.33,10.42,9.94
08/17/2022,10.42,9287033,10.75,10.815,10.31
08/16/2022,10.9,20413430,11.025,11.59,10.62
08/15/2022,11.01,7086896,10.79,11.19,10.79
08/12/2022,10.93,7333567,10.65,10.93,10.43
08/11/2022,10.51,14229970,11.01,11.295,10.51
08/10/2022,10.58,11168660,10.51,10.66,10.16
08/09/2022,10.1,8266029,10.47,10.51,10
08/08/2022,10.68,13033180,10.52,10.905,10.28
08/05/2022,10.4,17288100,10.42,10.615,9.94
08/04/2022,10.88,27870330,10.97,11.35,10.26
08/03/2022,10.31,37485670,9.4,10.76,9.4
08/02/2022,9.23,11339200,8.81,9.33,8.79
08/01/2022,9.04,9478573,8.94,9.04,8.7119
07/29/2022,9.05,7679156,9.01,9.15,8.91
07/28/2022,9.11,7384838,8.89,9.175,8.575
07/27/2022,8.9,6037011,8.63,8.93,8.49
07/26/2022,8.43,7255431,8.71,8.73,8.37
07/25/2022,8.89,5470127,9.03,9.03,8.74
07/22/2022,9.08,8296321,9.45,9.5,8.94
07/21/2022,9.41,7446578,9.34,9.5,9.2
07/20/2022,9.41,10889270,9.03,9.44,8.96
07/19/2022,9.03,10444010,8.73,9.07,8.7
07/18/2022,8.62,9070927,8.63,8.84,8.555
07/15/2022,8.41,10206060,8.3,8.42,8.1
07/14/2022,8.24,8006959,8.29,8.35,8.05
07/13/2022,8.36,8250618,8.2,8.47,8.08
07/12/2022,8.4,11153520,8.36,8.52,8.1
07/11/2022,8.34,10191390,8.86,8.94,8.29
07/08/2022,9,9873567,8.85,9.25,8.76
07/07/2022,9.02,12394430,8.62,9.02,8.485
07/06/2022,8.63,14051330,8.44,8.8,8.26
07/05/2022,8.4,12885340,8.02,8.44,7.78
07/01/2022,8.18,10408950,8.22,8.395,8.02
06/30/2022,8.22,13039410,8.43,8.51,8.06
06/29/2022,8.47,12722090,8.52,8.815,8.44
06/28/2022,8.865,34601290,9.06,9.3,8.77
06/27/2022,9.12,73442380,8.122,9.72,7.82
06/24/2022,8,60504160,8.08,8.38,7.84
06/23/2022,7.98,16915780,7.75,8.07,7.61
06/22/2022,7.49,15393810,7.3,7.73,7.28
06/21/2022,7.55,19619920,7.35,8.02,7.35
06/17/2022,7.19,18196680,6.84,7.22,6.84
06/16/2022,6.89,21709320,6.94,7.14,6.81
06/15/2022,7.05,32870960,7.04,7.21,6.87
06/14/2022,7.23,16209800,7.24,7.48,7.1
06/13/2022,7.23,27700920,7.3,7.475,7.02
06/10/2022,7.81,21966950,7.74,8.12,7.61
06/09/2022,8.03,19896550,8.29,8.43,8
06/08/2022,8.38,32988700,8.66,8.93,8.23
06/07/2022,8.72,31787730,8.73,8.795,8.25
06/06/2022,9.11,24087680,9.26,9.8,9.05
06/03/2022,9.17,13193820,9.38,9.45,9.05
06/02/2022,9.7,13422650,9.29,9.715,9.15
06/01/2022,9.37,21328630,9.96,10.005,9.22
05/31/2022,10.06,24393250,10.26,10.55,9.99
05/27/2022,10.38,17019180,9.35,10.42,9.275
05/26/2022,9.28,10712870,9.12,9.535,9.06
05/25/2022,9.23,11818550,9.07,9.37,8.97
05/24/2022,9.11,12972030,9.89,9.92,8.97
05/23/2022,10.06,14168630,9.99,10.115,9.55
05/20/2022,10.08,12809190,10.35,10.55,9.5707
05/19/2022,10.21,15708480,9.74,10.45,9.625
05/18/2022,9.73,16585310,9.9,10.45,9.675
05/17/2022,10.06,21824170,10.35,10.55,9.5
05/16/2022,10.11,20918850,10.64,10.64,9.945
05/13/2022,10.69,48560110,10.54,10.855,9.84
05/12/2022,8.56,32064200,7.902,8.83,7.71
05/11/2022,8.15,31547650,8.98,9.37,8.01
05/10/2022,9.27,22732730,9.635,9.935,8.915
05/09/2022,9.5,18935670,9.86,10.24,9.39
05/06/2022,10.12,15359700,10.5,10.67,9.91
05/05/2022,10.61,17641310,10.85,10.965,10.365
05/04/2022,10.9,26056570,10.09,10.92,9.853
05/03/2022,10.1,27084030,10.12,10.51,9.64
05/02/2022,10.48,22709520,9.76,10.49,9.52
04/29/2022,9.805,32541440,9.05,10.79,9
04/28/2022,10.09,26970220,9.6,10.2,9.2601
04/27/2022,9.51,18996440,9.595,10.04,9.38
04/26/2022,10,14430940,10.33,10.505,9.85
04/25/2022,10.39,13322010,10.13,10.45,9.975
04/22/2022,10.26,13172510,10.4,10.66,10.15
04/21/2022,10.44,14642010,10.869,11.11,10.2
04/20/2022,10.71,15342370,11.55,11.56,10.68
04/19/2022,11.56,13253460,10.98,11.635,10.83
04/18/2022,10.99,11319980,11.285,11.39,10.9
04/14/2022,11.38,12083940,11.78,11.89,11.305
04/13/2022,11.89,9031765,11.32,11.93,11.25
04/12/2022,11.43,13906410,11.66,12.08,11.355
04/11/2022,11.35,14568300,11.02,11.51,10.84
04/08/2022,11.24,25046540,11.46,11.69,11.06
04/07/2022,12.07,14671660,12.41,12.66,11.56
04/06/2022,12.51,15547790,12.77,12.89,12.04
04/05/2022,13.03,13238530,13.8,13.95,12.91
04/04/2022,13.83,12972270,13.5,13.93,13.37
04/01/2022,13.5,19581990,13.54,13.75,13.23
03/31/2022,13.51,26911110,14.62,14.64,13.49
03/30/2022,14.56,36848460,15.58,15.66,14.4
03/29/2022,15.91,101513600,13.19,16.49,13.15
03/28/2022,12.81,12380210,12.46,13.02,12.275
03/25/2022,12.39,11156890,12.88,12.98,12.26
03/24/2022,12.96,10404280,13.02,13.245,12.61
03/23/2022,13.08,15530560,13.26,13.34,12.72
03/22/2022,13.42,22472720,13.18,13.857,12.89
03/21/2022,13.05,23467400,13.29,13.3,12.5147
03/18/2022,13.44,25838100,13.33,13.95,13.21
03/17/2022,13.39,27387010,12.63,13.71,12.455
03/16/2022,12.78,35061550,11.25,12.85,11.19
03/15/2022,11.04,16286650,10.53,11.12,10.2
03/14/2022,10.65,17131250,10.91,11.14,10.4
03/11/2022,11.02,21050120,12.44,12.46,11.01
03/10/2022,12.05,15593360,12.03,12.11,11.61
03/09/2022,12.42,18056460,11.99,12.47,11.9
03/08/2022,11.75,16700260,11.26,12.07,11.01
03/07/2022,11.42,26532040,11.04,12.03,11.04
03/04/2022,10.96,18233580,11.19,11.6727,10.85
03/03/2022,11.38,14725910,11.52,11.83,11.11
03/02/2022,11.49,11838730,11.77,11.77,11.075
03/01/2022,11.77,12587280,12.055,12.26,11.51
02/28/2022,12.01,17105350,11.495,12.095,11.31
02/25/2022,11.61,15928390,11.54,11.7,10.91
02/24/2022,11.51,31330210,10,11.65,9.93
02/23/2022,10.86,16146100,11.37,11.5989,10.83
02/22/2022,11.31,22042980,11.47,11.74,10.98
02/18/2022,11.81,19269400,12.35,12.4399,11.64
02/17/2022,12.25,23159170,13.35,13.49,12.15
02/16/2022,13.51,16271190,13.52,14.06,13.28
02/15/2022,13.67,17184970,13.68,13.77,13.31
02/14/2022,13.35,21779460,13.105,13.87,12.97
02/11/2022,13.32,17639070,13.611,14.19,13.07
02/10/2022,13.52,27800940,13.38,14.7,13.32
02/09/2022,13.91,23897050,13.594,14.28,13.22
02/08/2022,13.38,25121070,13.82,13.8213,12.93
02/07/2022,13.91,24001220,15.06,15.24,13.77
02/04/2022,15.18,23091530,14.16,15.33,13.77
02/03/2022,14.15,22621590,13.41,14.68,13.24
02/02/2022,14.02,24362530,14.59,14.85,13.54
02/01/2022,14.65,29358450,14.29,14.74,13.41
01/31/2022,14.15,52585170,12.639,14.54,11.85
01/28/2022,12.73,69488940,9.97,12.86,9.94
01/27/2022,11.61,39144260,12.655,12.655,11.4
01/26/2022,12.41,22797230,13.35,13.58,12.34
01/25/2022,13.05,18463050,12.87,13.47,12.705
01/24/2022,13.12,36969490,12.25,13.16,11.15
01/21/2022,12.98,23868760,13.47,13.68,12.7734
01/20/2022,13.69,20377480,14.1,14.84,13.65
01/19/2022,13.89,15014170,14.46,14.65,13.84
01/18/2022,14.4,15746280,14.9,14.96,14.26
01/14/2022,15.17,16689710,15.09,15.73,14.73
01/13/2022,15.3,16354460,16.26,16.39,15.26
01/12/2022,16.25,15831370,16.63,17.21,16.06
01/11/2022,16.41,20145320,15.525,16.82,15.33
01/10/2022,15.61,22173440,15.35,16,14.75
01/07/2022,15.89,23053670,15.62,16.48,15.52
01/06/2022,15.58,50293160,15.8,16.05,14.8
01/05/2022,15.98,30878600,17.3,17.5,15.77
01/04/2022,17.4,28170150,18.39,18.45,16.84
01/03/2022,18.44,16128980,18.05,18.9396,17.91
12/31/2021,17.76,10931130,18.12,18.76,17.72
12/30/2021,18.2,16128460,17.18,18.72,17.14
12/29/2021,17.11,12534760,17.45,17.67,16.68
12/28/2021,17.45,15814900,18.154,18.53,17.4
12/27/2021,18.44,12360220,18.83,18.85,18.21
12/23/2021,18.9,13067520,18.31,19.25,17.89
12/22/2021,18.38,16627760,18.64,18.88,18.04
12/21/2021,18.93,10885190,18.105,19.03,17.98
12/20/2021,18.03,13652150,18.27,18.93,17.59
12/17/2021,19.1,20788720,17.88,19.37,17.075
12/16/2021,18.14,20919960,19.24,19.89,17.71
12/15/2021,19.5,22439350,19,19.8,17.89
12/14/2021,19.13,21065870,19.155,19.56,18.42
12/13/2021,19.7,18086870,19.7,20.2,18.86
12/10/2021,20.13,22116640,21.78,21.81,19.82
12/09/2021,21.91,14155120,23.27,23.48,21.7
12/08/2021,23.72,15159430,23,23.74,21.76
12/07/2021,22.73,11058380,22.65,23.33,22.02
12/06/2021,21.9,12053690,21.34,22.05,20.58
12/03/2021,21.55,16825220,23.92,24.06,21.5
12/02/2021,24.2,14035690,23.96,24.29,23.34
12/01/2021,23.93,37653090,26.35,26.39,23.89
11/30/2021,25.94,22291030,26.695,27.56,25.81
11/29/2021,27.07,15203900,28.095,28.29,25.75
11/26/2021,27.92,5503000,27.075,29.22,27.05
11/24/2021,27.98,5980076,27.54,28.54,27.51
11/23/2021,27.65,8654347,27.6,28.3001,26.57
11/22/2021,27.84,12690390,29,29.36,27.44
11/19/2021,28.99,14289540,30.3,30.8,28.8
11/18/2021,30.53,12654120,32.9,32.93,30.41
11/17/2021,32.88,6763787,33.8,33.98,32.81
11/16/2021,33.87,8929807,34.37,34.44,32.87
11/15/2021,34.96,6219582,35.5,35.61,34.23
11/12/2021,35.21,8727757,34.645,35.9,34.59
11/11/2021,34.17,6037956,34.82,34.84,34.04
11/10/2021,34.49,14707520,35.9,36.11,33.7501
11/09/2021,36.7,7130040,36.76,37.199,36.45
11/08/2021,37.98,7149237,37.06,38.17,36.52
11/05/2021,37.01,4744776,37,37.41,36.65
11/04/2021,37.07,6474368,37.03,37.95,36.5
11/03/2021,37.04,15342780,34.94,37.5,34.6752
11/02/2021,34.99,5547732,34.72,34.99,34.34
11/01/2021,34.85,7946006,35.2,35.215,34.42
10/29/2021,34.97,10687380,35.65,35.85,34.8
10/28/2021,35.47,17441530,35.21,35.52,33.99
10/27/2021,35.44,29082790,35.98,36.19,34.44
10/26/2021,39.57,13250920,39.61,40.25,39
10/25/2021,39.01,8081732,39.76,39.87,38.15
10/22/2021,39.59,5916837,41.125,41.13,39.59
10/21/2021,41.28,5377739,41.93,43.36,41.21
10/20/2021,41.83,4057555,41.893,42.44,41.02
10/19/2021,41.7,4529214,40.91,41.8,40.54
10/18/2021,40.65,4019789,40.95,41.25,40.31
10/15/2021,41.03,2579553,41.641,41.7,40.8601
10/14/2021,40.93,3827495,40.59,41.79,40.55
10/13/2021,40.52,3914428,40.62,40.83,39.86
10/12/2021,40.53,3717965,42,42.05,40.5
10/11/2021,42.07,3733178,41.172,42.468,41.01
10/08/2021,41.78,3688931,41.8,42.06,41.05
10/07/2021,41.84,2895418,42.237,42.84,41.68
10/06/2021,42.06,2730242,42,42.65,41.7
10/05/2021,42.01,2813392,41.074,42.4899,41.0509
10/04/2021,40.93,2647750,41.8,41.8123,40.25
10/01/2021,41.9,2655845,42.362,42.78,41.12
09/30/2021,42.08,3535993,43.13,43.13,41.41
09/29/2021,43.13,4597599,44.17,45.4625,43.1
09/28/2021,44.62,5791895,43.92,45.96,42.51
09/27/2021,44.76,4041686,44.93,45.91,43.95
09/24/2021,44.91,6057991,44.7,46.55,44.35
09/23/2021,45.94,12129440,46.285,47.84,44.71
09/22/2021,46.88,14619490,43,46.94,42.76
09/21/2021,42.29,5984827,41.04,42.69,40.7938
09/20/2021,40.7,4437794,40.62,41.56,40.0301
09/17/2021,42.38,5000840,41.92,42.9012,41.9
09/16/2021,41.95,4206706,41.62,42.43,40.91
09/15/2021,41.87,5835873,40.2,41.94,39.83
09/14/2021,40.02,4298047,41,41,39.23
09/13/2021,40.6,4309173,41.22,41.3899,39.8
09/10/2021,41.17,5521802,41.5,42.52,40.72
09/09/2021,41.28,6981918,40.5,42.54,40.3813
09/08/2021,40.05,7834862,42,42.21,39.81
09/07/2021,42.13,6179176,43.33,43.39,41.75
09/03/2021,43.35,4676645,44.693,44.88,43.15
09/02/2021,44.49,4099172,45.202,45.7999,44.2
09/01/2021,44.57,11012950,43.76,47.12,43.7
08/31/2021,44.32,8847512,42.03,44.5,41.51
08/30/2021,43.64,12363840,46.3,46.6,42.56
08/27/2021,46.87,6058053,46.799,48.1,46.14
08/26/2021,46.86,7187728,48,49.8499,46.4
08/25/2021,48.98,10837520,48.425,50.99,47.5
08/24/2021,49.38,17122750,46.46,50.24,46
08/23/2021,45.29,15664720,44.16,46.85,43.32
08/20/2021,42.64,11764300,45.2,45.56,42.44
08/19/2021,44.69,18517570,45.06,46.88,44.135
08/18/2021,49.8,24408000,47.965,52.06,47.2
08/17/2021,46.67,9160299,47.3,48.85,46.01
08/16/2021,47.19,12052500,49.4,49.79,47
08/13/2021,50.63,25659810,48.45,53.2,48.22
08/12/2021,48.1,13426240,50.125,50.39,47.52
08/11/2021,51.19,15893140,54.5683,54.6058,49
08/10/2021,53.94,17066350,56.485,58.49,53.5
08/09/2021,56.83,27495240,59.084,59.96,56
08/06/2021,55.01,70131720,57.77,60.88,53.1
08/05/2021,50.97,82470400,62.9,66.5,50.46
08/04/2021,70.39,175790500,54.45,85,54.4
08/03/2021,46.8,93819200,37.911,48.59,37.1594
08/02/2021,37.68,19948530,35.97,37.98,35.3
07/30/2021,35.15,40632230,34.93,36.9795,33.25
07/29/2021,34.82,102474700,38,40.25,33.35